"","date","variant","immEvasionVOC","pointa","lowera","uppera","pointC","lowerC","upperC","refDate"
"1",2020-01-28,NA,NA,NA,NA,NA,NA,NA,NA,NA
"2",2020-01-29,NA,NA,NA,NA,NA,NA,NA,NA,NA
"3",2020-01-30,NA,NA,NA,NA,NA,NA,NA,NA,NA
"4",2020-01-31,NA,NA,NA,NA,NA,NA,NA,NA,NA
"5",2020-02-01,NA,NA,NA,NA,NA,NA,NA,NA,NA
"6",2020-02-02,NA,NA,NA,NA,NA,NA,NA,NA,NA
"7",2020-02-03,NA,NA,NA,NA,NA,NA,NA,NA,NA
"8",2020-02-04,NA,NA,NA,NA,NA,NA,NA,NA,NA
"9",2020-02-05,NA,NA,NA,NA,NA,NA,NA,NA,NA
"10",2020-02-06,NA,NA,NA,NA,NA,NA,NA,NA,NA
"11",2020-02-07,NA,NA,NA,NA,NA,NA,NA,NA,NA
"12",2020-02-08,NA,NA,NA,NA,NA,NA,NA,NA,NA
"13",2020-02-09,NA,NA,NA,NA,NA,NA,NA,NA,NA
"14",2020-02-10,NA,NA,NA,NA,NA,NA,NA,NA,NA
"15",2020-02-11,NA,NA,NA,NA,NA,NA,NA,NA,NA
"16",2020-02-12,NA,NA,NA,NA,NA,NA,NA,NA,NA
"17",2020-02-13,NA,NA,NA,NA,NA,NA,NA,NA,NA
"18",2020-02-14,NA,NA,NA,NA,NA,NA,NA,NA,NA
"19",2020-02-15,NA,NA,NA,NA,NA,NA,NA,NA,NA
"20",2020-02-16,NA,NA,NA,NA,NA,NA,NA,NA,NA
"21",2020-02-17,NA,NA,NA,NA,NA,NA,NA,NA,NA
"22",2020-02-18,NA,NA,NA,NA,NA,NA,NA,NA,NA
"23",2020-02-19,NA,NA,NA,NA,NA,NA,NA,NA,NA
"24",2020-02-20,NA,NA,NA,NA,NA,NA,NA,NA,NA
"25",2020-02-21,NA,NA,NA,NA,NA,NA,NA,NA,NA
"26",2020-02-22,NA,NA,NA,NA,NA,NA,NA,NA,NA
"27",2020-02-23,NA,NA,NA,NA,NA,NA,NA,NA,NA
"28",2020-02-24,NA,NA,NA,NA,NA,NA,NA,NA,NA
"29",2020-02-25,NA,NA,NA,NA,NA,NA,NA,NA,NA
"30",2020-02-26,NA,NA,NA,NA,NA,NA,NA,NA,NA
"31",2020-02-27,NA,NA,NA,NA,NA,NA,NA,NA,NA
"32",2020-02-28,NA,NA,NA,NA,NA,NA,NA,NA,NA
"33",2020-02-29,NA,NA,NA,NA,NA,NA,NA,NA,NA
"34",2020-03-01,NA,NA,NA,NA,NA,NA,NA,NA,NA
"35",2020-03-02,NA,NA,NA,NA,NA,NA,NA,NA,NA
"36",2020-03-03,NA,NA,NA,NA,NA,NA,NA,NA,NA
"37",2020-03-04,NA,NA,NA,NA,NA,NA,NA,NA,NA
"38",2020-03-05,NA,NA,NA,NA,NA,NA,NA,NA,NA
"39",2020-03-06,NA,NA,NA,NA,NA,NA,NA,NA,NA
"40",2020-03-07,NA,NA,NA,NA,NA,NA,NA,NA,NA
"41",2020-03-08,NA,NA,NA,NA,NA,NA,NA,NA,NA
"42",2020-03-09,NA,NA,NA,NA,NA,NA,NA,NA,NA
"43",2020-03-10,NA,NA,NA,NA,NA,NA,NA,NA,NA
"44",2020-03-11,NA,NA,NA,NA,NA,NA,NA,NA,NA
"45",2020-03-12,NA,NA,NA,NA,NA,NA,NA,NA,NA
"46",2020-03-13,NA,NA,NA,NA,NA,NA,NA,NA,NA
"47",2020-03-14,NA,NA,NA,NA,NA,NA,NA,NA,NA
"48",2020-03-15,NA,NA,NA,NA,NA,NA,NA,NA,NA
"49",2020-03-16,NA,NA,NA,NA,NA,NA,NA,NA,NA
"50",2020-03-17,NA,NA,NA,NA,NA,NA,NA,NA,NA
"51",2020-03-18,NA,NA,NA,NA,NA,NA,NA,NA,NA
"52",2020-03-19,NA,NA,NA,NA,NA,NA,NA,NA,NA
"53",2020-03-20,NA,NA,NA,NA,NA,NA,NA,NA,NA
"54",2020-03-21,NA,NA,NA,NA,NA,NA,NA,NA,NA
"55",2020-03-22,NA,NA,NA,NA,NA,NA,NA,NA,NA
"56",2020-03-23,NA,NA,NA,NA,NA,NA,NA,NA,NA
"57",2020-03-24,NA,NA,NA,NA,NA,NA,NA,NA,NA
"58",2020-03-25,NA,NA,NA,NA,NA,NA,NA,NA,NA
"59",2020-03-26,NA,NA,NA,NA,NA,NA,NA,NA,NA
"60",2020-03-27,NA,NA,NA,NA,NA,NA,NA,NA,NA
"61",2020-03-28,NA,NA,NA,NA,NA,NA,NA,NA,NA
"62",2020-03-29,NA,NA,NA,NA,NA,NA,NA,NA,NA
"63",2020-03-30,NA,NA,NA,NA,NA,NA,NA,NA,NA
"64",2020-03-31,NA,NA,NA,NA,NA,NA,NA,NA,NA
"65",2020-04-01,NA,NA,NA,NA,NA,NA,NA,NA,NA
"66",2020-04-02,NA,NA,NA,NA,NA,NA,NA,NA,NA
"67",2020-04-03,NA,NA,NA,NA,NA,NA,NA,NA,NA
"68",2020-04-04,NA,NA,NA,NA,NA,NA,NA,NA,NA
"69",2020-04-05,NA,NA,NA,NA,NA,NA,NA,NA,NA
"70",2020-04-06,NA,NA,NA,NA,NA,NA,NA,NA,NA
"71",2020-04-07,NA,NA,NA,NA,NA,NA,NA,NA,NA
"72",2020-04-08,NA,NA,NA,NA,NA,NA,NA,NA,NA
"73",2020-04-09,NA,NA,NA,NA,NA,NA,NA,NA,NA
"74",2020-04-10,NA,NA,NA,NA,NA,NA,NA,NA,NA
"75",2020-04-11,NA,NA,NA,NA,NA,NA,NA,NA,NA
"76",2020-04-12,NA,NA,NA,NA,NA,NA,NA,NA,NA
"77",2020-04-13,NA,NA,NA,NA,NA,NA,NA,NA,NA
"78",2020-04-14,NA,NA,NA,NA,NA,NA,NA,NA,NA
"79",2020-04-15,NA,NA,NA,NA,NA,NA,NA,NA,NA
"80",2020-04-16,NA,NA,NA,NA,NA,NA,NA,NA,NA
"81",2020-04-17,NA,NA,NA,NA,NA,NA,NA,NA,NA
"82",2020-04-18,NA,NA,NA,NA,NA,NA,NA,NA,NA
"83",2020-04-19,NA,NA,NA,NA,NA,NA,NA,NA,NA
"84",2020-04-20,NA,NA,NA,NA,NA,NA,NA,NA,NA
"85",2020-04-21,NA,NA,NA,NA,NA,NA,NA,NA,NA
"86",2020-04-22,NA,NA,NA,NA,NA,NA,NA,NA,NA
"87",2020-04-23,NA,NA,NA,NA,NA,NA,NA,NA,NA
"88",2020-04-24,NA,NA,NA,NA,NA,NA,NA,NA,NA
"89",2020-04-25,NA,NA,NA,NA,NA,NA,NA,NA,NA
"90",2020-04-26,NA,NA,NA,NA,NA,NA,NA,NA,NA
"91",2020-04-27,NA,NA,NA,NA,NA,NA,NA,NA,NA
"92",2020-04-28,NA,NA,NA,NA,NA,NA,NA,NA,NA
"93",2020-04-29,NA,NA,NA,NA,NA,NA,NA,NA,NA
"94",2020-04-30,NA,NA,NA,NA,NA,NA,NA,NA,NA
"95",2020-05-01,NA,NA,NA,NA,NA,NA,NA,NA,NA
"96",2020-05-02,NA,NA,NA,NA,NA,NA,NA,NA,NA
"97",2020-05-03,NA,NA,NA,NA,NA,NA,NA,NA,NA
"98",2020-05-04,NA,NA,NA,NA,NA,NA,NA,NA,NA
"99",2020-05-05,NA,NA,NA,NA,NA,NA,NA,NA,NA
"100",2020-05-06,NA,NA,NA,NA,NA,NA,NA,NA,NA
"101",2020-05-07,NA,NA,NA,NA,NA,NA,NA,NA,NA
"102",2020-05-08,NA,NA,NA,NA,NA,NA,NA,NA,NA
"103",2020-05-09,NA,NA,NA,NA,NA,NA,NA,NA,NA
"104",2020-05-10,NA,NA,NA,NA,NA,NA,NA,NA,NA
"105",2020-05-11,NA,NA,NA,NA,NA,NA,NA,NA,NA
"106",2020-05-12,NA,NA,NA,NA,NA,NA,NA,NA,NA
"107",2020-05-13,NA,NA,NA,NA,NA,NA,NA,NA,NA
"108",2020-05-14,NA,NA,NA,NA,NA,NA,NA,NA,NA
"109",2020-05-15,NA,NA,NA,NA,NA,NA,NA,NA,NA
"110",2020-05-16,NA,NA,NA,NA,NA,NA,NA,NA,NA
"111",2020-05-17,NA,NA,NA,NA,NA,NA,NA,NA,NA
"112",2020-05-18,NA,NA,NA,NA,NA,NA,NA,NA,NA
"113",2020-05-19,NA,NA,NA,NA,NA,NA,NA,NA,NA
"114",2020-05-20,NA,NA,NA,NA,NA,NA,NA,NA,NA
"115",2020-05-21,NA,NA,NA,NA,NA,NA,NA,NA,NA
"116",2020-05-22,NA,NA,NA,NA,NA,NA,NA,NA,NA
"117",2020-05-23,NA,NA,NA,NA,NA,NA,NA,NA,NA
"118",2020-05-24,NA,NA,NA,NA,NA,NA,NA,NA,NA
"119",2020-05-25,NA,NA,NA,NA,NA,NA,NA,NA,NA
"120",2020-05-26,NA,NA,NA,NA,NA,NA,NA,NA,NA
"121",2020-05-27,NA,NA,NA,NA,NA,NA,NA,NA,NA
"122",2020-05-28,NA,NA,NA,NA,NA,NA,NA,NA,NA
"123",2020-05-29,NA,NA,NA,NA,NA,NA,NA,NA,NA
"124",2020-05-30,NA,NA,NA,NA,NA,NA,NA,NA,NA
"125",2020-05-31,NA,NA,NA,NA,NA,NA,NA,NA,NA
"126",2020-06-01,NA,NA,NA,NA,NA,NA,NA,NA,NA
"127",2020-06-02,NA,NA,NA,NA,NA,NA,NA,NA,NA
"128",2020-06-03,NA,NA,NA,NA,NA,NA,NA,NA,NA
"129",2020-06-04,NA,NA,NA,NA,NA,NA,NA,NA,NA
"130",2020-06-05,NA,NA,NA,NA,NA,NA,NA,NA,NA
"131",2020-06-06,NA,NA,NA,NA,NA,NA,NA,NA,NA
"132",2020-06-07,NA,NA,NA,NA,NA,NA,NA,NA,NA
"133",2020-06-08,NA,NA,NA,NA,NA,NA,NA,NA,NA
"134",2020-06-09,NA,NA,NA,NA,NA,NA,NA,NA,NA
"135",2020-06-10,NA,NA,NA,NA,NA,NA,NA,NA,NA
"136",2020-06-11,NA,NA,NA,NA,NA,NA,NA,NA,NA
"137",2020-06-12,NA,NA,NA,NA,NA,NA,NA,NA,NA
"138",2020-06-13,NA,NA,NA,NA,NA,NA,NA,NA,NA
"139",2020-06-14,NA,NA,NA,NA,NA,NA,NA,NA,NA
"140",2020-06-15,NA,NA,NA,NA,NA,NA,NA,NA,NA
"141",2020-06-16,NA,NA,NA,NA,NA,NA,NA,NA,NA
"142",2020-06-17,NA,NA,NA,NA,NA,NA,NA,NA,NA
"143",2020-06-18,NA,NA,NA,NA,NA,NA,NA,NA,NA
"144",2020-06-19,NA,NA,NA,NA,NA,NA,NA,NA,NA
"145",2020-06-20,NA,NA,NA,NA,NA,NA,NA,NA,NA
"146",2020-06-21,NA,NA,NA,NA,NA,NA,NA,NA,NA
"147",2020-06-22,NA,NA,NA,NA,NA,NA,NA,NA,NA
"148",2020-06-23,NA,NA,NA,NA,NA,NA,NA,NA,NA
"149",2020-06-24,NA,NA,NA,NA,NA,NA,NA,NA,NA
"150",2020-06-25,NA,NA,NA,NA,NA,NA,NA,NA,NA
"151",2020-06-26,NA,NA,NA,NA,NA,NA,NA,NA,NA
"152",2020-06-27,NA,NA,NA,NA,NA,NA,NA,NA,NA
"153",2020-06-28,NA,NA,NA,NA,NA,NA,NA,NA,NA
"154",2020-06-29,NA,NA,NA,NA,NA,NA,NA,NA,NA
"155",2020-06-30,NA,NA,NA,NA,NA,NA,NA,NA,NA
"156",2020-07-01,NA,NA,NA,NA,NA,NA,NA,NA,NA
"157",2020-07-02,NA,NA,NA,NA,NA,NA,NA,NA,NA
"158",2020-07-03,NA,NA,NA,NA,NA,NA,NA,NA,NA
"159",2020-07-04,NA,NA,NA,NA,NA,NA,NA,NA,NA
"160",2020-07-05,NA,NA,NA,NA,NA,NA,NA,NA,NA
"161",2020-07-06,NA,NA,NA,NA,NA,NA,NA,NA,NA
"162",2020-07-07,NA,NA,NA,NA,NA,NA,NA,NA,NA
"163",2020-07-08,NA,NA,NA,NA,NA,NA,NA,NA,NA
"164",2020-07-09,NA,NA,NA,NA,NA,NA,NA,NA,NA
"165",2020-07-10,NA,NA,NA,NA,NA,NA,NA,NA,NA
"166",2020-07-11,NA,NA,NA,NA,NA,NA,NA,NA,NA
"167",2020-07-12,NA,NA,NA,NA,NA,NA,NA,NA,NA
"168",2020-07-13,NA,NA,NA,NA,NA,NA,NA,NA,NA
"169",2020-07-14,NA,NA,NA,NA,NA,NA,NA,NA,NA
"170",2020-07-15,NA,NA,NA,NA,NA,NA,NA,NA,NA
"171",2020-07-16,NA,NA,NA,NA,NA,NA,NA,NA,NA
"172",2020-07-17,NA,NA,NA,NA,NA,NA,NA,NA,NA
"173",2020-07-18,NA,NA,NA,NA,NA,NA,NA,NA,NA
"174",2020-07-19,NA,NA,NA,NA,NA,NA,NA,NA,NA
"175",2020-07-20,NA,NA,NA,NA,NA,NA,NA,NA,NA
"176",2020-07-21,NA,NA,NA,NA,NA,NA,NA,NA,NA
"177",2020-07-22,NA,NA,NA,NA,NA,NA,NA,NA,NA
"178",2020-07-23,NA,NA,NA,NA,NA,NA,NA,NA,NA
"179",2020-07-24,NA,NA,NA,NA,NA,NA,NA,NA,NA
"180",2020-07-25,NA,NA,NA,NA,NA,NA,NA,NA,NA
"181",2020-07-26,NA,NA,NA,NA,NA,NA,NA,NA,NA
"182",2020-07-27,NA,NA,NA,NA,NA,NA,NA,NA,NA
"183",2020-07-28,NA,NA,NA,NA,NA,NA,NA,NA,NA
"184",2020-07-29,NA,NA,NA,NA,NA,NA,NA,NA,NA
"185",2020-07-30,NA,NA,NA,NA,NA,NA,NA,NA,NA
"186",2020-07-31,NA,NA,NA,NA,NA,NA,NA,NA,NA
"187",2020-08-01,NA,NA,NA,NA,NA,NA,NA,NA,NA
"188",2020-08-02,NA,NA,NA,NA,NA,NA,NA,NA,NA
"189",2020-08-03,NA,NA,NA,NA,NA,NA,NA,NA,NA
"190",2020-08-04,NA,NA,NA,NA,NA,NA,NA,NA,NA
"191",2020-08-05,NA,NA,NA,NA,NA,NA,NA,NA,NA
"192",2020-08-06,NA,NA,NA,NA,NA,NA,NA,NA,NA
"193",2020-08-07,NA,NA,NA,NA,NA,NA,NA,NA,NA
"194",2020-08-08,NA,NA,NA,NA,NA,NA,NA,NA,NA
"195",2020-08-09,NA,NA,NA,NA,NA,NA,NA,NA,NA
"196",2020-08-10,NA,NA,NA,NA,NA,NA,NA,NA,NA
"197",2020-08-11,NA,NA,NA,NA,NA,NA,NA,NA,NA
"198",2020-08-12,NA,NA,NA,NA,NA,NA,NA,NA,NA
"199",2020-08-13,NA,NA,NA,NA,NA,NA,NA,NA,NA
"200",2020-08-14,NA,NA,NA,NA,NA,NA,NA,NA,NA
"201",2020-08-15,NA,NA,NA,NA,NA,NA,NA,NA,NA
"202",2020-08-16,NA,NA,NA,NA,NA,NA,NA,NA,NA
"203",2020-08-17,NA,NA,NA,NA,NA,NA,NA,NA,NA
"204",2020-08-18,NA,NA,NA,NA,NA,NA,NA,NA,NA
"205",2020-08-19,NA,NA,NA,NA,NA,NA,NA,NA,NA
"206",2020-08-20,NA,NA,NA,NA,NA,NA,NA,NA,NA
"207",2020-08-21,NA,NA,NA,NA,NA,NA,NA,NA,NA
"208",2020-08-22,NA,NA,NA,NA,NA,NA,NA,NA,NA
"209",2020-08-23,NA,NA,NA,NA,NA,NA,NA,NA,NA
"210",2020-08-24,NA,NA,NA,NA,NA,NA,NA,NA,NA
"211",2020-08-25,NA,NA,NA,NA,NA,NA,NA,NA,NA
"212",2020-08-26,NA,NA,NA,NA,NA,NA,NA,NA,NA
"213",2020-08-27,NA,NA,NA,NA,NA,NA,NA,NA,NA
"214",2020-08-28,NA,NA,NA,NA,NA,NA,NA,NA,NA
"215",2020-08-29,NA,NA,NA,NA,NA,NA,NA,NA,NA
"216",2020-08-30,NA,NA,NA,NA,NA,NA,NA,NA,NA
"217",2020-08-31,NA,NA,NA,NA,NA,NA,NA,NA,NA
"218",2020-09-01,NA,NA,NA,NA,NA,NA,NA,NA,NA
"219",2020-09-02,NA,NA,NA,NA,NA,NA,NA,NA,NA
"220",2020-09-03,NA,NA,NA,NA,NA,NA,NA,NA,NA
"221",2020-09-04,NA,NA,NA,NA,NA,NA,NA,NA,NA
"222",2020-09-05,NA,NA,NA,NA,NA,NA,NA,NA,NA
"223",2020-09-06,NA,NA,NA,NA,NA,NA,NA,NA,NA
"224",2020-09-07,NA,NA,NA,NA,NA,NA,NA,NA,NA
"225",2020-09-08,NA,NA,NA,NA,NA,NA,NA,NA,NA
"226",2020-09-09,NA,NA,NA,NA,NA,NA,NA,NA,NA
"227",2020-09-10,NA,NA,NA,NA,NA,NA,NA,NA,NA
"228",2020-09-11,NA,NA,NA,NA,NA,NA,NA,NA,NA
"229",2020-09-12,NA,NA,NA,NA,NA,NA,NA,NA,NA
"230",2020-09-13,NA,NA,NA,NA,NA,NA,NA,NA,NA
"231",2020-09-14,NA,NA,NA,NA,NA,NA,NA,NA,NA
"232",2020-09-15,NA,NA,NA,NA,NA,NA,NA,NA,NA
"233",2020-09-16,NA,NA,NA,NA,NA,NA,NA,NA,NA
"234",2020-09-17,NA,NA,NA,NA,NA,NA,NA,NA,NA
"235",2020-09-18,NA,NA,NA,NA,NA,NA,NA,NA,NA
"236",2020-09-19,NA,NA,NA,NA,NA,NA,NA,NA,NA
"237",2020-09-20,NA,NA,NA,NA,NA,NA,NA,NA,NA
"238",2020-09-21,NA,NA,NA,NA,NA,NA,NA,NA,NA
"239",2020-09-22,NA,NA,NA,NA,NA,NA,NA,NA,NA
"240",2020-09-23,NA,NA,NA,NA,NA,NA,NA,NA,NA
"241",2020-09-24,NA,NA,NA,NA,NA,NA,NA,NA,NA
"242",2020-09-25,NA,NA,NA,NA,NA,NA,NA,NA,NA
"243",2020-09-26,NA,NA,NA,NA,NA,NA,NA,NA,NA
"244",2020-09-27,NA,NA,NA,NA,NA,NA,NA,NA,NA
"245",2020-09-28,NA,NA,NA,NA,NA,NA,NA,NA,NA
"246",2020-09-29,NA,NA,NA,NA,NA,NA,NA,NA,NA
"247",2020-09-30,NA,NA,NA,NA,NA,NA,NA,NA,NA
"248",2020-10-01,NA,NA,NA,NA,NA,NA,NA,NA,NA
"249",2020-10-02,NA,NA,NA,NA,NA,NA,NA,NA,NA
"250",2020-10-03,NA,NA,NA,NA,NA,NA,NA,NA,NA
"251",2020-10-04,NA,NA,NA,NA,NA,NA,NA,NA,NA
"252",2020-10-05,NA,NA,NA,NA,NA,NA,NA,NA,NA
"253",2020-10-06,NA,NA,NA,NA,NA,NA,NA,NA,NA
"254",2020-10-07,NA,NA,NA,NA,NA,NA,NA,NA,NA
"255",2020-10-08,NA,NA,NA,NA,NA,NA,NA,NA,NA
"256",2020-10-09,NA,NA,NA,NA,NA,NA,NA,NA,NA
"257",2020-10-10,NA,NA,NA,NA,NA,NA,NA,NA,NA
"258",2020-10-11,NA,NA,NA,NA,NA,NA,NA,NA,NA
"259",2020-10-12,NA,NA,NA,NA,NA,NA,NA,NA,NA
"260",2020-10-13,NA,NA,NA,NA,NA,NA,NA,NA,NA
"261",2020-10-14,NA,NA,NA,NA,NA,NA,NA,NA,NA
"262",2020-10-15,NA,NA,NA,NA,NA,NA,NA,NA,NA
"263",2020-10-16,NA,NA,NA,NA,NA,NA,NA,NA,NA
"264",2020-10-17,NA,NA,NA,NA,NA,NA,NA,NA,NA
"265",2020-10-18,NA,NA,NA,NA,NA,NA,NA,NA,NA
"266",2020-10-19,NA,NA,NA,NA,NA,NA,NA,NA,NA
"267",2020-10-20,NA,NA,NA,NA,NA,NA,NA,NA,NA
"268",2020-10-21,NA,NA,NA,NA,NA,NA,NA,NA,NA
"269",2020-10-22,NA,NA,NA,NA,NA,NA,NA,NA,NA
"270",2020-10-23,NA,NA,NA,NA,NA,NA,NA,NA,NA
"271",2020-10-24,NA,NA,NA,NA,NA,NA,NA,NA,NA
"272",2020-10-25,NA,NA,NA,NA,NA,NA,NA,NA,NA
"273",2020-10-26,NA,NA,NA,NA,NA,NA,NA,NA,NA
"274",2020-10-27,NA,NA,NA,NA,NA,NA,NA,NA,NA
"275",2020-10-28,NA,NA,NA,NA,NA,NA,NA,NA,NA
"276",2020-10-29,NA,NA,NA,NA,NA,NA,NA,NA,NA
"277",2020-10-30,NA,NA,NA,NA,NA,NA,NA,NA,NA
"278",2020-10-31,NA,NA,NA,NA,NA,NA,NA,NA,NA
"279",2020-11-01,NA,NA,NA,NA,NA,NA,NA,NA,NA
"280",2020-11-02,NA,NA,NA,NA,NA,NA,NA,NA,NA
"281",2020-11-03,NA,NA,NA,NA,NA,NA,NA,NA,NA
"282",2020-11-04,NA,NA,NA,NA,NA,NA,NA,NA,NA
"283",2020-11-05,NA,NA,NA,NA,NA,NA,NA,NA,NA
"284",2020-11-06,NA,NA,NA,NA,NA,NA,NA,NA,NA
"285",2020-11-07,NA,NA,NA,NA,NA,NA,NA,NA,NA
"286",2020-11-08,NA,NA,NA,NA,NA,NA,NA,NA,NA
"287",2020-11-09,NA,NA,NA,NA,NA,NA,NA,NA,NA
"288",2020-11-10,NA,NA,NA,NA,NA,NA,NA,NA,NA
"289",2020-11-11,NA,NA,NA,NA,NA,NA,NA,NA,NA
"290",2020-11-12,NA,NA,NA,NA,NA,NA,NA,NA,NA
"291",2020-11-13,NA,NA,NA,NA,NA,NA,NA,NA,NA
"292",2020-11-14,NA,NA,NA,NA,NA,NA,NA,NA,NA
"293",2020-11-15,NA,NA,NA,NA,NA,NA,NA,NA,NA
"294",2020-11-16,NA,NA,NA,NA,NA,NA,NA,NA,NA
"295",2020-11-17,NA,NA,NA,NA,NA,NA,NA,NA,NA
"296",2020-11-18,NA,NA,NA,NA,NA,NA,NA,NA,NA
"297",2020-11-19,NA,NA,NA,NA,NA,NA,NA,NA,NA
"298",2020-11-20,NA,NA,NA,NA,NA,NA,NA,NA,NA
"299",2020-11-21,NA,NA,NA,NA,NA,NA,NA,NA,NA
"300",2020-11-22,NA,NA,NA,NA,NA,NA,NA,NA,NA
"301",2020-11-23,NA,NA,NA,NA,NA,NA,NA,NA,NA
"302",2020-11-24,NA,NA,NA,NA,NA,NA,NA,NA,NA
"303",2020-11-25,NA,NA,NA,NA,NA,NA,NA,NA,NA
"304",2020-11-26,NA,NA,NA,NA,NA,NA,NA,NA,NA
"305",2020-11-27,NA,NA,NA,NA,NA,NA,NA,NA,NA
"306",2020-11-28,NA,NA,NA,NA,NA,NA,NA,NA,NA
"307",2020-11-29,NA,NA,NA,NA,NA,NA,NA,NA,NA
"308",2020-11-30,NA,NA,NA,NA,NA,NA,NA,NA,NA
"309",2020-12-01,NA,NA,NA,NA,NA,NA,NA,NA,NA
"310",2020-12-02,NA,NA,NA,NA,NA,NA,NA,NA,NA
"311",2020-12-03,NA,NA,NA,NA,NA,NA,NA,NA,NA
"312",2020-12-04,NA,NA,NA,NA,NA,NA,NA,NA,NA
"313",2020-12-05,NA,NA,NA,NA,NA,NA,NA,NA,NA
"314",2020-12-06,NA,NA,NA,NA,NA,NA,NA,NA,NA
"315",2020-12-07,NA,NA,NA,NA,NA,NA,NA,NA,NA
"316",2020-12-08,NA,NA,NA,NA,NA,NA,NA,NA,NA
"317",2020-12-09,NA,NA,NA,NA,NA,NA,NA,NA,NA
"318",2020-12-10,NA,NA,NA,NA,NA,NA,NA,NA,NA
"319",2020-12-11,NA,NA,NA,NA,NA,NA,NA,NA,NA
"320",2020-12-12,NA,NA,NA,NA,NA,NA,NA,NA,NA
"321",2020-12-13,NA,NA,NA,NA,NA,NA,NA,NA,NA
"322",2020-12-14,NA,NA,NA,NA,NA,NA,NA,NA,NA
"323",2020-12-15,NA,NA,NA,NA,NA,NA,NA,NA,NA
"324",2020-12-16,NA,NA,NA,NA,NA,NA,NA,NA,NA
"325",2020-12-17,NA,NA,NA,NA,NA,NA,NA,NA,NA
"326",2020-12-18,NA,NA,NA,NA,NA,NA,NA,NA,NA
"327",2020-12-19,NA,NA,NA,NA,NA,NA,NA,NA,NA
"328",2020-12-20,NA,NA,NA,NA,NA,NA,NA,NA,NA
"329",2020-12-21,NA,NA,NA,NA,NA,NA,NA,NA,NA
"330",2020-12-22,NA,NA,NA,NA,NA,NA,NA,NA,NA
"331",2020-12-23,NA,NA,NA,NA,NA,NA,NA,NA,NA
"332",2020-12-24,NA,NA,NA,NA,NA,NA,NA,NA,NA
"333",2020-12-25,NA,NA,NA,NA,NA,NA,NA,NA,NA
"334",2020-12-26,NA,NA,NA,NA,NA,NA,NA,NA,NA
"335",2020-12-27,NA,NA,NA,NA,NA,NA,NA,NA,NA
"336",2020-12-28,NA,NA,NA,NA,NA,NA,NA,NA,NA
"337",2020-12-29,NA,NA,NA,NA,NA,NA,NA,NA,NA
"338",2020-12-30,NA,NA,NA,NA,NA,NA,NA,NA,NA
"339",2020-12-31,NA,NA,NA,NA,NA,NA,NA,NA,NA
"340",2021-01-01,NA,NA,NA,NA,NA,NA,NA,NA,NA
"341",2021-01-02,NA,NA,NA,NA,NA,NA,NA,NA,NA
"342",2021-01-03,NA,NA,NA,NA,NA,NA,NA,NA,NA
"343",2021-01-04,NA,NA,NA,NA,NA,NA,NA,NA,NA
"344",2021-01-05,NA,NA,NA,NA,NA,NA,NA,NA,NA
"345",2021-01-06,NA,NA,NA,NA,NA,NA,NA,NA,NA
"346",2021-01-07,NA,NA,NA,NA,NA,NA,NA,NA,NA
"347",2021-01-08,NA,NA,NA,NA,NA,NA,NA,NA,NA
"348",2021-01-09,NA,NA,NA,NA,NA,NA,NA,NA,NA
"349",2021-01-10,NA,NA,NA,NA,NA,NA,NA,NA,NA
"350",2021-01-11,NA,NA,NA,NA,NA,NA,NA,NA,NA
"351",2021-01-12,"Alpha",0,4.30692323047346,3.64365393386228,4.97019252708463,0.0366089858669267,0.0300635026024392,0.0431544691314141,2020-12-16
"352",2021-01-13,"Alpha",0,4.30692323047346,3.64365393386228,4.97019252708463,0.0366089858669267,0.0300635026024392,0.0431544691314141,2020-12-16
"353",2021-01-14,"Alpha",0,2.336068754327,2.07228938414953,2.59984812450448,0.0326737317113963,0.0254359294837321,0.0399115339390606,2020-12-16
"354",2021-01-15,"Alpha",0,2.49477630016151,2.21305844843537,2.77649415188764,0.0153308184888949,0.0112345192375403,0.0194271177402496,2020-12-16
"355",2021-01-16,"Alpha",0,2.53633717821433,2.24009274730871,2.83258160911995,0.0140061789461292,0.0102397619040154,0.0177725959882431,2020-12-16
"356",2021-01-17,"Alpha",0,2.53633717821433,2.24009274730871,2.83258160911995,0.0140061789461292,0.0102397619040154,0.0177725959882431,2020-12-16
"357",2021-01-18,"Alpha",0,2.53633717821433,2.24009274730871,2.83258160911995,0.0140061789461292,0.0102397619040154,0.0177725959882431,2020-12-16
"358",2021-01-19,"Alpha",0,1.82039033373802,1.58907013978154,2.0517105276945,0.0133629599356587,0.00820124494201963,0.0185246749292978,2020-12-16
"359",2021-01-20,"Alpha",0,1.67805995719802,1.37485242164477,1.98126749275127,0.00605544718125829,0.0037771068802482,0.00833378748226838,2020-12-16
"360",2021-01-21,"Alpha",0,1.70427271051602,1.48783910261633,1.9207063184157,0.00856630539862551,0.00621400982418853,0.0109186009730625,2020-12-16
"361",2021-01-22,"Alpha",0,1.57382041221265,1.40463897609149,1.74300184833382,0.00817976286525217,0.00600718039937911,0.0103523453311252,2020-12-16
"362",2021-01-23,"Alpha",0,1.59438968084635,1.41087994449758,1.77789941719511,0.0076632139011666,0.00549892587198391,0.00982750193034928,2020-12-16
"363",2021-01-24,NA,NA,NA,NA,NA,NA,NA,NA,NA
"364",2021-01-25,"Alpha",0,1.56078729960346,1.43330172027983,1.68827287892709,0.00603071279738293,0.00369506221376567,0.00836636338100019,2020-12-16
"365",2021-01-26,"Alpha",0,1.55058410827317,1.42475810136975,1.67641011517659,0.00614270774496825,0.00377490587391259,0.0085105096160239,2020-12-16
"366",2021-01-27,"Alpha",0,1.70077570603507,1.56250711295777,1.83904429911236,0.00375389283492003,0.00225176528906462,0.00525602038077545,2020-12-16
"367",2021-01-28,"Alpha",0,1.61111187244284,1.46627280346058,1.7559509414251,0.00397868545131052,0.00220033568904037,0.00575703521358066,2020-12-16
"368",2021-01-29,"Alpha",0,1.52573296804341,1.38861217415335,1.66285376193348,0.00433441273745183,0.00247414505018367,0.00619468042471999,2020-12-16
"369",2021-01-30,"Alpha",0,1.67829649757206,1.51640643235563,1.8401865627885,0.00313199564517671,0.00160260447991445,0.00466138681043896,2020-12-16
"370",2021-01-31,"Alpha",0,1.67829649757206,1.51640643235563,1.8401865627885,0.00313199564517671,0.00160260447991445,0.00466138681043896,2020-12-16
"371",2021-02-01,"Alpha",0,1.74633959444334,1.52184549261472,1.97083369627196,0.00189611101439016,0.000612787770377805,0.00317943425840252,2020-12-16
"372",2021-02-02,"Alpha",0,1.5445036684731,1.42021374465263,1.66879359229356,0.00426962171094922,0.00246141098639143,0.00607783243550702,2020-12-16
"373",2021-02-03,"Alpha",0,1.39964815181397,1.32720600935621,1.47209029427172,0.00662898680310018,0.00483974076137704,0.00841823284482331,2020-12-16
"374",2021-02-04,"Alpha",0,1.39964839311456,1.32720632034789,1.47209046588123,0.00662898096960738,0.00483973811516696,0.00841822382404781,2020-12-16
"375",2021-02-05,"Alpha",0,1.39964839311456,1.32720632034789,1.47209046588123,0.00662898096960738,0.00483973811516696,0.00841822382404781,2020-12-16
"376",2021-02-06,"Alpha",0,1.39964839311456,1.32720632034789,1.47209046588123,0.00662898096960738,0.00483973811516696,0.00841822382404781,2020-12-16
"377",2021-02-07,"Alpha",0,1.39964839311456,1.32720632034789,1.47209046588123,0.00662898096960738,0.00483973811516696,0.00841822382404781,2020-12-16
"378",2021-02-08,"Alpha",0,1.39964839311456,1.32720632034789,1.47209046588123,0.00662898096960738,0.00483973811516696,0.00841822382404781,2020-12-16
"379",2021-02-09,"Alpha",0,1.22918700670547,1.16884552920057,1.28952848421038,0.00844726379820476,0.00591247324001407,0.0109820543563954,2020-12-16
"380",2021-02-10,"Alpha",0,1.22918700402975,1.16884552675046,1.28952848130903,0.00844726391821027,0.00591247335445487,0.0109820544819657,2020-12-16
"381",2021-02-11,"Alpha",0,1.22918700402975,1.16884552675046,1.28952848130903,0.00844726391821027,0.00591247335445487,0.0109820544819657,2020-12-16
"382",2021-02-12,"Alpha",0,1.22346436259,1.15779157475089,1.28913715042911,0.00879091869607198,0.00593376441197574,0.0116480729801682,2020-12-16
"383",2021-02-13,"Alpha",0,1.22346436259,1.15779157475089,1.28913715042911,0.00879091869607198,0.00593376441197574,0.0116480729801682,2020-12-16
"384",2021-02-14,"Alpha",0,1.22346436259,1.15779157475089,1.28913715042911,0.00879091869607198,0.00593376441197574,0.0116480729801682,2020-12-16
"385",2021-02-15,"Alpha",0,1.19636575854395,1.12288583714931,1.26984567993859,0.00881378885730831,0.00560973659359811,0.0120178411210185,2020-12-16
"386",2021-02-16,"Alpha",0,1.19636575854395,1.12288583714931,1.26984567993859,0.00881378885730831,0.00560973659359811,0.0120178411210185,2020-12-16
"387",2021-02-17,"Alpha",0,1.19636575854395,1.12288583714931,1.26984567993859,0.00881378885730831,0.00560973659359811,0.0120178411210185,2020-12-16
"388",2021-02-18,"Alpha",0,1.19636575854395,1.12288583714931,1.26984567993859,0.00881378885730831,0.00560973659359811,0.0120178411210185,2020-12-16
"389",2021-02-19,"Alpha",0,1.14224073124825,1.08510615526582,1.19937530723069,0.00918726293963027,0.00602682870304814,0.0123476971762124,2020-12-16
"390",2021-02-20,"Alpha",0,1.14166489667628,1.08414974533449,1.19918004801807,0.00915021053218359,0.00598090699216771,0.0123195140721995,2020-12-16
"391",2021-02-21,"Alpha",0,1.14166489667628,1.08414974533449,1.19918004801807,0.00915021053218359,0.00598090699216771,0.0123195140721995,2020-12-16
"392",2021-02-22,"Alpha",0,1.1342365278867,1.0774405302661,1.1910325255073,0.0103689712560701,0.00693432580881623,0.013803616703324,2020-12-16
"393",2021-02-23,"Alpha",0,1.1342365278867,1.0774405302661,1.1910325255073,0.0103689712560701,0.00693432580881623,0.013803616703324,2020-12-16
"394",2021-02-24,"Alpha",0,1.1342365278867,1.0774405302661,1.1910325255073,0.0103689712560701,0.00693432580881623,0.013803616703324,2020-12-16
"395",2021-02-25,"Alpha",0,1.1342365278867,1.0774405302661,1.1910325255073,0.0103689712560701,0.00693432580881623,0.013803616703324,2020-12-16
"396",2021-02-26,"Alpha",0,1.12831991375053,1.07238583477011,1.18425399273094,0.00997945724153397,0.00654874421407447,0.0134101702689935,2020-12-16
"397",2021-02-27,"Alpha",0,1.16349198768931,1.10684071399503,1.2201432613836,0.0081344410928067,0.00529483175598132,0.0109740504296321,2020-12-16
"398",2021-02-28,"Alpha",0,1.16349198768931,1.10684071399503,1.2201432613836,0.0081344410928067,0.00529483175598132,0.0109740504296321,2020-12-16
"399",2021-03-01,"Alpha",0,1.16349198768931,1.10684071399503,1.2201432613836,0.0081344410928067,0.00529483175598132,0.0109740504296321,2020-12-16
"400",2021-03-02,"Alpha",0,1.16349199689782,1.10684073419397,1.22014325960167,0.008134440674015,0.00529483187239591,0.0109740494756341,2020-12-16
"401",2021-03-03,"Alpha",0,1.16349199689782,1.10684073419397,1.22014325960167,0.008134440674015,0.00529483187239591,0.0109740494756341,2020-12-16
"402",2021-03-04,NA,NA,NA,NA,NA,NA,NA,NA,NA
"403",2021-03-05,NA,NA,NA,NA,NA,NA,NA,NA,NA
"404",2021-03-06,NA,NA,NA,NA,NA,NA,NA,NA,NA
"405",2021-03-07,NA,NA,NA,NA,NA,NA,NA,NA,NA
"406",2021-03-08,NA,NA,NA,NA,NA,NA,NA,NA,NA
"407",2021-03-09,NA,NA,NA,NA,NA,NA,NA,NA,NA
"408",2021-03-10,NA,NA,NA,NA,NA,NA,NA,NA,NA
"409",2021-03-11,NA,NA,NA,NA,NA,NA,NA,NA,NA
"410",2021-03-12,NA,NA,NA,NA,NA,NA,NA,NA,NA
"411",2021-03-13,NA,NA,NA,NA,NA,NA,NA,NA,NA
"412",2021-03-14,NA,NA,NA,NA,NA,NA,NA,NA,NA
"413",2021-03-15,NA,NA,NA,NA,NA,NA,NA,NA,NA
"414",2021-03-16,NA,NA,NA,NA,NA,NA,NA,NA,NA
"415",2021-03-17,NA,NA,NA,NA,NA,NA,NA,NA,NA
"416",2021-03-18,NA,NA,NA,NA,NA,NA,NA,NA,NA
"417",2021-03-19,NA,NA,NA,NA,NA,NA,NA,NA,NA
"418",2021-03-20,NA,NA,NA,NA,NA,NA,NA,NA,NA
"419",2021-03-21,NA,NA,NA,NA,NA,NA,NA,NA,NA
"420",2021-03-22,NA,NA,NA,NA,NA,NA,NA,NA,NA
"421",2021-03-23,NA,NA,NA,NA,NA,NA,NA,NA,NA
"422",2021-03-24,NA,NA,NA,NA,NA,NA,NA,NA,NA
"423",2021-03-25,NA,NA,NA,NA,NA,NA,NA,NA,NA
"424",2021-03-26,NA,NA,NA,NA,NA,NA,NA,NA,NA
"425",2021-03-27,NA,NA,NA,NA,NA,NA,NA,NA,NA
"426",2021-03-28,NA,NA,NA,NA,NA,NA,NA,NA,NA
"427",2021-03-29,NA,NA,NA,NA,NA,NA,NA,NA,NA
"428",2021-03-30,NA,NA,NA,NA,NA,NA,NA,NA,NA
"429",2021-03-31,NA,NA,NA,NA,NA,NA,NA,NA,NA
"430",2021-04-01,NA,NA,NA,NA,NA,NA,NA,NA,NA
"431",2021-04-02,NA,NA,NA,NA,NA,NA,NA,NA,NA
"432",2021-04-03,NA,NA,NA,NA,NA,NA,NA,NA,NA
"433",2021-04-04,NA,NA,NA,NA,NA,NA,NA,NA,NA
"434",2021-04-05,NA,NA,NA,NA,NA,NA,NA,NA,NA
"435",2021-04-06,NA,NA,NA,NA,NA,NA,NA,NA,NA
"436",2021-04-07,NA,NA,NA,NA,NA,NA,NA,NA,NA
"437",2021-04-08,NA,NA,NA,NA,NA,NA,NA,NA,NA
"438",2021-04-09,NA,NA,NA,NA,NA,NA,NA,NA,NA
"439",2021-04-10,NA,NA,NA,NA,NA,NA,NA,NA,NA
"440",2021-04-11,NA,NA,NA,NA,NA,NA,NA,NA,NA
"441",2021-04-12,NA,NA,NA,NA,NA,NA,NA,NA,NA
"442",2021-04-13,NA,NA,NA,NA,NA,NA,NA,NA,NA
"443",2021-04-14,NA,NA,NA,NA,NA,NA,NA,NA,NA
"444",2021-04-15,NA,NA,NA,NA,NA,NA,NA,NA,NA
"445",2021-04-16,NA,NA,NA,NA,NA,NA,NA,NA,NA
"446",2021-04-17,NA,NA,NA,NA,NA,NA,NA,NA,NA
"447",2021-04-18,NA,NA,NA,NA,NA,NA,NA,NA,NA
"448",2021-04-19,NA,NA,NA,NA,NA,NA,NA,NA,NA
"449",2021-04-20,NA,NA,NA,NA,NA,NA,NA,NA,NA
"450",2021-04-21,NA,NA,NA,NA,NA,NA,NA,NA,NA
"451",2021-04-22,NA,NA,NA,NA,NA,NA,NA,NA,NA
"452",2021-04-23,NA,NA,NA,NA,NA,NA,NA,NA,NA
"453",2021-04-24,NA,NA,NA,NA,NA,NA,NA,NA,NA
"454",2021-04-25,NA,NA,NA,NA,NA,NA,NA,NA,NA
"455",2021-04-26,NA,NA,NA,NA,NA,NA,NA,NA,NA
"456",2021-04-27,NA,NA,NA,NA,NA,NA,NA,NA,NA
"457",2021-04-28,NA,NA,NA,NA,NA,NA,NA,NA,NA
"458",2021-04-29,NA,NA,NA,NA,NA,NA,NA,NA,NA
"459",2021-04-30,NA,NA,NA,NA,NA,NA,NA,NA,NA
"460",2021-05-01,NA,NA,NA,NA,NA,NA,NA,NA,NA
"461",2021-05-02,NA,NA,NA,NA,NA,NA,NA,NA,NA
"462",2021-05-03,NA,NA,NA,NA,NA,NA,NA,NA,NA
"463",2021-05-04,NA,NA,NA,NA,NA,NA,NA,NA,NA
"464",2021-05-05,NA,NA,NA,NA,NA,NA,NA,NA,NA
"465",2021-05-06,NA,NA,NA,NA,NA,NA,NA,NA,NA
"466",2021-05-07,NA,NA,NA,NA,NA,NA,NA,NA,NA
"467",2021-05-08,NA,NA,NA,NA,NA,NA,NA,NA,NA
"468",2021-05-09,NA,NA,NA,NA,NA,NA,NA,NA,NA
"469",2021-05-10,NA,NA,NA,NA,NA,NA,NA,NA,NA
"470",2021-05-11,NA,NA,NA,NA,NA,NA,NA,NA,NA
"471",2021-05-12,NA,NA,NA,NA,NA,NA,NA,NA,NA
"472",2021-05-13,NA,NA,NA,NA,NA,NA,NA,NA,NA
"473",2021-05-14,NA,NA,NA,NA,NA,NA,NA,NA,NA
"474",2021-05-15,NA,NA,NA,NA,NA,NA,NA,NA,NA
"475",2021-05-16,NA,NA,NA,NA,NA,NA,NA,NA,NA
"476",2021-05-17,NA,NA,NA,NA,NA,NA,NA,NA,NA
"477",2021-05-18,NA,NA,NA,NA,NA,NA,NA,NA,NA
"478",2021-05-19,NA,NA,NA,NA,NA,NA,NA,NA,NA
"479",2021-05-20,NA,NA,NA,NA,NA,NA,NA,NA,NA
"480",2021-05-21,NA,NA,NA,NA,NA,NA,NA,NA,NA
"481",2021-05-22,NA,NA,NA,NA,NA,NA,NA,NA,NA
"482",2021-05-23,NA,NA,NA,NA,NA,NA,NA,NA,NA
"483",2021-05-24,NA,NA,NA,NA,NA,NA,NA,NA,NA
"484",2021-05-25,NA,NA,NA,NA,NA,NA,NA,NA,NA
"485",2021-05-26,NA,NA,NA,NA,NA,NA,NA,NA,NA
"486",2021-05-27,NA,NA,NA,NA,NA,NA,NA,NA,NA
"487",2021-05-28,NA,NA,NA,NA,NA,NA,NA,NA,NA
"488",2021-05-29,NA,NA,NA,NA,NA,NA,NA,NA,NA
"489",2021-05-30,NA,NA,NA,NA,NA,NA,NA,NA,NA
"490",2021-05-31,NA,NA,NA,NA,NA,NA,NA,NA,NA
"491",2021-06-01,NA,NA,NA,NA,NA,NA,NA,NA,NA
"492",2021-06-02,NA,NA,NA,NA,NA,NA,NA,NA,NA
"493",2021-06-03,NA,NA,NA,NA,NA,NA,NA,NA,NA
"494",2021-06-04,NA,NA,NA,NA,NA,NA,NA,NA,NA
"495",2021-06-05,NA,NA,NA,NA,NA,NA,NA,NA,NA
"496",2021-06-06,NA,NA,NA,NA,NA,NA,NA,NA,NA
"497",2021-06-07,NA,NA,NA,NA,NA,NA,NA,NA,NA
"498",2021-06-08,NA,NA,NA,NA,NA,NA,NA,NA,NA
"499",2021-06-09,NA,NA,NA,NA,NA,NA,NA,NA,NA
"500",2021-06-10,NA,NA,NA,NA,NA,NA,NA,NA,NA
"501",2021-06-11,NA,NA,NA,NA,NA,NA,NA,NA,NA
"502",2021-06-12,NA,NA,NA,NA,NA,NA,NA,NA,NA
"503",2021-06-13,NA,NA,NA,NA,NA,NA,NA,NA,NA
"504",2021-06-14,NA,NA,NA,NA,NA,NA,NA,NA,NA
"505",2021-06-15,NA,NA,NA,NA,NA,NA,NA,NA,NA
"506",2021-06-16,NA,NA,NA,NA,NA,NA,NA,NA,NA
"507",2021-06-17,NA,NA,NA,NA,NA,NA,NA,NA,NA
"508",2021-06-18,NA,NA,NA,NA,NA,NA,NA,NA,NA
"509",2021-06-19,NA,NA,NA,NA,NA,NA,NA,NA,NA
"510",2021-06-20,NA,NA,NA,NA,NA,NA,NA,NA,NA
"511",2021-06-21,NA,NA,NA,NA,NA,NA,NA,NA,NA
"512",2021-06-22,NA,NA,NA,NA,NA,NA,NA,NA,NA
"513",2021-06-23,NA,NA,NA,NA,NA,NA,NA,NA,NA
"514",2021-06-24,NA,NA,NA,NA,NA,NA,NA,NA,NA
"515",2021-06-25,NA,NA,NA,NA,NA,NA,NA,NA,NA
"516",2021-06-26,NA,NA,NA,NA,NA,NA,NA,NA,NA
"517",2021-06-27,NA,NA,NA,NA,NA,NA,NA,NA,NA
"518",2021-06-28,NA,NA,NA,NA,NA,NA,NA,NA,NA
"519",2021-06-29,NA,NA,NA,NA,NA,NA,NA,NA,NA
"520",2021-06-30,NA,NA,NA,NA,NA,NA,NA,NA,NA
"521",2021-07-01,NA,NA,NA,NA,NA,NA,NA,NA,NA
"522",2021-07-02,NA,NA,NA,NA,NA,NA,NA,NA,NA
"523",2021-07-03,NA,NA,NA,NA,NA,NA,NA,NA,NA
"524",2021-07-04,NA,NA,NA,NA,NA,NA,NA,NA,NA
"525",2021-07-05,NA,NA,NA,NA,NA,NA,NA,NA,NA
"526",2021-07-06,NA,NA,NA,NA,NA,NA,NA,NA,NA
"527",2021-07-07,NA,NA,NA,NA,NA,NA,NA,NA,NA
"528",2021-07-08,NA,NA,NA,NA,NA,NA,NA,NA,NA
"529",2021-07-09,NA,NA,NA,NA,NA,NA,NA,NA,NA
"530",2021-07-10,NA,NA,NA,NA,NA,NA,NA,NA,NA
"531",2021-07-11,NA,NA,NA,NA,NA,NA,NA,NA,NA
"532",2021-07-12,NA,NA,NA,NA,NA,NA,NA,NA,NA
"533",2021-07-13,NA,NA,NA,NA,NA,NA,NA,NA,NA
"534",2021-07-14,NA,NA,NA,NA,NA,NA,NA,NA,NA
"535",2021-07-15,NA,NA,NA,NA,NA,NA,NA,NA,NA
"536",2021-07-16,NA,NA,NA,NA,NA,NA,NA,NA,NA
"537",2021-07-17,NA,NA,NA,NA,NA,NA,NA,NA,NA
"538",2021-07-18,NA,NA,NA,NA,NA,NA,NA,NA,NA
"539",2021-07-19,NA,NA,NA,NA,NA,NA,NA,NA,NA
"540",2021-07-20,NA,NA,NA,NA,NA,NA,NA,NA,NA
"541",2021-07-21,NA,NA,NA,NA,NA,NA,NA,NA,NA
"542",2021-07-22,"Delta",0,1.4451403707694,1.38430386738113,1.50597687415766,0.00307523086889741,0.00271687303929198,0.00343358869850284,2021-07-02
"543",2021-07-23,"Delta",0,1.44518524658277,1.38433510756089,1.50603538560466,0.00307504477973269,0.00271667341949579,0.0034334161399696,2021-07-02
"544",2021-07-24,"Delta",0,1.44518524658277,1.38433510756089,1.50603538560466,0.00307504477973269,0.00271667341949579,0.0034334161399696,2021-07-02
"545",2021-07-25,"Delta",0,1.44518524658277,1.38433510756089,1.50603538560466,0.00307504477973269,0.00271667341949579,0.0034334161399696,2021-07-02
"546",2021-07-26,"Delta",0,1.43106598816776,1.3481857454513,1.51394623088422,0.00359637953013586,0.00298183656701306,0.00421092249325866,2021-07-02
"547",2021-07-27,"Delta",0,1.43106598816776,1.3481857454513,1.51394623088422,0.00359637953013586,0.00298183656701306,0.00421092249325866,2021-07-02
"548",2021-07-28,"Delta",0,1.34024690223256,1.27714361566635,1.40335018879877,0.0033750683982888,0.00267628279936715,0.00407385399721045,2021-07-02
"549",2021-07-29,NA,NA,NA,NA,NA,NA,NA,NA,NA
"550",2021-07-30,"Delta",0,1.30656331971812,1.2470248266991,1.36610181273713,0.00249317210450838,0.00207930434055356,0.00290703986846321,2021-07-02
"551",2021-07-31,"Delta",0,1.30656331971812,1.2470248266991,1.36610181273713,0.00249317210450838,0.00207930434055356,0.00290703986846321,2021-07-02
"552",2021-08-01,"Delta",0,1.30656331971812,1.2470248266991,1.36610181273713,0.00249317210450838,0.00207930434055356,0.00290703986846321,2021-07-02
"553",2021-08-02,"Delta",0,1.24736043777341,1.18160660232152,1.3131142732253,0.00161068023286924,0.00117063814561696,0.00205072232012151,2021-07-02
"554",2021-08-03,"Delta",0,1.28829117413086,1.2393539322409,1.33722841602083,0.00241338325361268,0.00204625444097926,0.0027805120662461,2021-07-02
"555",2021-08-04,"Delta",0,1.22460398494998,1.17132829441237,1.27787967548758,0.00189443039904039,0.00139685669759663,0.00239200410048415,2021-07-02
"556",2021-08-05,"Delta",0,1.26093320446381,1.2332962733768,1.28857013555083,0.00236903237562888,0.00215435948987684,0.00258370526138092,2021-07-02
"557",2021-08-06,"Delta",0,1.23531536450529,1.20056589025211,1.27006483875846,0.00202307081103121,0.00176325471280986,0.00228288690925256,2021-07-02
"558",2021-08-07,"Delta",0,1.24562644923624,1.21464130844704,1.27661159002543,0.00217954243808353,0.00194293675816539,0.00241614811800167,2021-07-02
"559",2021-08-08,"Delta",0,1.24562644923624,1.21464130844704,1.27661159002543,0.00217954243808353,0.00194293675816539,0.00241614811800167,2021-07-02
"560",2021-08-09,"Delta",0,1.24738266561412,1.21582503389983,1.27894029732841,0.00226021724218082,0.00201242759139699,0.00250800689296465,2021-07-02
"561",2021-08-10,"Delta",0,1.24738266561412,1.21582503389983,1.27894029732841,0.00226021724218082,0.00201242759139699,0.00250800689296465,2021-07-02
"562",2021-08-11,"Delta",0,1.24738266561412,1.21582503389983,1.27894029732841,0.00226021724218082,0.00201242759139699,0.00250800689296465,2021-07-02
"563",2021-08-12,"Delta",0,1.24738266561412,1.21582503389983,1.27894029732841,0.00226021724218082,0.00201242759139699,0.00250800689296465,2021-07-02
"564",2021-08-13,"Delta",0,1.24903842054089,1.21639510985379,1.28168173122798,0.00222376790322883,0.00197358492296146,0.00247395088349621,2021-07-02
"565",2021-08-14,"Delta",0,1.25273394512085,1.21747954769417,1.28798834254752,0.00224704334363342,0.0019783416909908,0.00251574499627603,2021-07-02
"566",2021-08-15,"Delta",0,1.25273394512085,1.21747954769417,1.28798834254752,0.00224704334363342,0.0019783416909908,0.00251574499627603,2021-07-02
"567",2021-08-16,"Delta",0,1.25273394512085,1.21747954769417,1.28798834254752,0.00224704334363342,0.0019783416909908,0.00251574499627603,2021-07-02
"568",2021-08-17,"Delta",0,1.25122220800759,1.21810487587617,1.284339540139,0.00223459784895038,0.00198088780762394,0.00248830789027683,2021-07-02
"569",2021-08-18,"Delta",0,1.25122220800759,1.21810487587617,1.284339540139,0.00223459784895038,0.00198088780762394,0.00248830789027683,2021-07-02
"570",2021-08-19,"Delta",0,1.19266684995977,1.1628544675874,1.22247923233214,0.00156502316383665,0.00133123692784905,0.00179880939982425,2021-07-02
"571",2021-08-20,"Delta",0,1.19266684995977,1.1628544675874,1.22247923233214,0.00156502316383665,0.00133123692784905,0.00179880939982425,2021-07-02
"572",2021-08-21,"Delta",0,1.20957689592768,1.176462540607,1.24269125124835,0.00164731805787814,0.00138286768353569,0.00191176843222059,2021-07-02
"573",2021-08-22,"Delta",0,1.20957689592768,1.176462540607,1.24269125124835,0.00164731805787814,0.00138286768353569,0.00191176843222059,2021-07-02
"574",2021-08-23,"Delta",0,1.20957689592768,1.176462540607,1.24269125124835,0.00164731805787814,0.00138286768353569,0.00191176843222059,2021-07-02
"575",2021-08-24,"Delta",0,1.20957689592768,1.176462540607,1.24269125124835,0.00164731805787814,0.00138286768353569,0.00191176843222059,2021-07-02
"576",2021-08-25,"Delta",0,1.21022638394117,1.17729673242209,1.24315603546026,0.00156635712754537,0.00131580939011941,0.00181690486497133,2021-07-02
"577",2021-08-26,"Delta",0,1.1625479229572,1.13666096524105,1.18843488067335,0.00166268248690085,0.00139872152089633,0.00192664345290537,2021-07-02
"578",2021-08-27,"Delta",0,1.16093310716954,1.13467248906598,1.1871937252731,0.00167459109491685,0.001404070163141,0.0019451120266927,2021-07-02
"579",2021-08-28,"Delta",0,1.16093310716954,1.13467248906598,1.1871937252731,0.00167459109491685,0.001404070163141,0.0019451120266927,2021-07-02
"580",2021-08-29,"Delta",0,1.16093310716954,1.13467248906598,1.1871937252731,0.00167459109491685,0.001404070163141,0.0019451120266927,2021-07-02
"581",2021-08-30,"Delta",0,1.16093310716954,1.13467248906598,1.1871937252731,0.00167459109491685,0.001404070163141,0.0019451120266927,2021-07-02
"582",2021-08-31,"Delta",0,1.17489106267311,1.15093807700362,1.1988440483426,0.00188580834869291,0.00161428302060997,0.00215733367677584,2021-07-02
"583",2021-09-01,"Delta",0,1.17489106188992,1.15093807617762,1.19884404760221,0.00188580836066973,0.0016142830321512,0.00215733368918825,2021-07-02
"584",2021-09-02,"Delta",0,1.14476192932799,1.12462942080305,1.16489443785292,0.00175250864536794,0.00148858594809478,0.00201643134264111,2021-07-02
"585",2021-09-03,"Delta",0,1.14476192932799,1.12462942080305,1.16489443785292,0.00175250864536794,0.00148858594809478,0.00201643134264111,2021-07-02
"586",2021-09-04,"Delta",0,1.14595845580391,1.12461404975604,1.16730286185178,0.00165102540749391,0.00138788473203178,0.00191416608295603,2021-07-02
"587",2021-09-05,"Delta",0,1.14911969109798,1.12651998568681,1.17171939650915,0.00128579575494342,0.00106960312561264,0.0015019883842742,2021-07-02
"588",2021-09-06,"Delta",0,1.14911969109798,1.12651998568681,1.17171939650915,0.00128579575494342,0.00106960312561264,0.0015019883842742,2021-07-02
"589",2021-09-07,"Delta",0,1.14408101925451,1.12160243540224,1.16655960310679,0.00137192334517417,0.00114158622293937,0.00160226046740896,2021-07-02
"590",2021-09-08,"Delta",0,1.14408083421717,1.12160291024056,1.16655875819377,0.001371925723264,0.00114159533353975,0.00160225611298825,2021-07-02
"591",2021-09-09,"Delta",0,1.13017244647228,1.10477470146472,1.15557019147984,0.00172688656372942,0.00135803024564437,0.00209574288181446,2021-07-02
"592",2021-09-10,"Delta",0,1.12772251254523,1.10363748012203,1.15180754496844,0.00181966508465122,0.00145044111111289,0.00218888905818956,2021-07-02
"593",2021-09-11,"Delta",0,1.12413412365995,1.10130627585052,1.14696197146939,0.00153712562974385,0.0012403495943943,0.00183390166509339,2021-07-02
"594",2021-09-12,"Delta",0,1.12413412365995,1.10130627585052,1.14696197146939,0.00153712562974385,0.0012403495943943,0.00183390166509339,2021-07-02
"595",2021-09-13,"Delta",0,1.12413412365995,1.10130627585052,1.14696197146939,0.00153712562974385,0.0012403495943943,0.00183390166509339,2021-07-02
"596",2021-09-14,"Delta",0,1.12460215488507,1.10166540791846,1.14753890185168,0.00152687374338771,0.0012307960184767,0.00182295146829872,2021-07-02
"597",2021-09-15,"Delta",0,1.12460215488507,1.10166540791846,1.14753890185168,0.00152687374338771,0.0012307960184767,0.00182295146829872,2021-07-02
"598",2021-09-16,"Delta",0,1.10768211682045,1.08812118917248,1.12724304446841,0.00163650827325986,0.00133167987882752,0.00194133666769219,2021-07-02
"599",2021-09-17,"Delta",0,1.11441405599501,1.09702377202471,1.13180433996531,0.00167390721562822,0.00139792344642347,0.00194989098483297,2021-07-02
"600",2021-09-18,"Delta",0,1.1127661885112,1.0945842976226,1.1309480793998,0.00173182617216014,0.00143306595086337,0.00203058639345691,2021-07-02
"601",2021-09-19,"Delta",0,1.10968088743999,1.09052958009052,1.12883219478945,0.0017097772004513,0.0013988908666295,0.00202066353427311,2021-07-02
"602",2021-09-20,"Delta",0,1.11004787141929,1.08891412694363,1.13118161589495,0.00168237847548172,0.00134443172591265,0.0020203252250508,2021-07-02
"603",2021-09-21,"Delta",0,1.1051200928495,1.08337852306934,1.12686166262966,0.00168108370557276,0.00133236573222202,0.0020298016789235,2021-07-02
"604",2021-09-22,"Delta",0,1.10414008619216,1.08221387771225,1.12606629467207,0.00170484276954743,0.00134791548666946,0.00206177005242539,2021-07-02
"605",2021-09-23,NA,NA,NA,NA,NA,NA,NA,NA,NA
"606",2021-09-24,NA,NA,NA,NA,NA,NA,NA,NA,NA
"607",2021-09-25,NA,NA,NA,NA,NA,NA,NA,NA,NA
"608",2021-09-26,NA,NA,NA,NA,NA,NA,NA,NA,NA
"609",2021-09-27,NA,NA,NA,NA,NA,NA,NA,NA,NA
"610",2021-09-28,NA,NA,NA,NA,NA,NA,NA,NA,NA
"611",2021-09-29,NA,NA,NA,NA,NA,NA,NA,NA,NA
"612",2021-09-30,NA,NA,NA,NA,NA,NA,NA,NA,NA
"613",2021-10-01,NA,NA,NA,NA,NA,NA,NA,NA,NA
"614",2021-10-02,NA,NA,NA,NA,NA,NA,NA,NA,NA
"615",2021-10-03,NA,NA,NA,NA,NA,NA,NA,NA,NA
"616",2021-10-04,NA,NA,NA,NA,NA,NA,NA,NA,NA
"617",2021-10-05,NA,NA,NA,NA,NA,NA,NA,NA,NA
"618",2021-10-06,NA,NA,NA,NA,NA,NA,NA,NA,NA
"619",2021-10-07,NA,NA,NA,NA,NA,NA,NA,NA,NA
"620",2021-10-08,NA,NA,NA,NA,NA,NA,NA,NA,NA
"621",2021-10-09,NA,NA,NA,NA,NA,NA,NA,NA,NA
"622",2021-10-10,NA,NA,NA,NA,NA,NA,NA,NA,NA
"623",2021-10-11,NA,NA,NA,NA,NA,NA,NA,NA,NA
"624",2021-10-12,NA,NA,NA,NA,NA,NA,NA,NA,NA
"625",2021-10-13,NA,NA,NA,NA,NA,NA,NA,NA,NA
"626",2021-10-14,NA,NA,NA,NA,NA,NA,NA,NA,NA
"627",2021-10-15,NA,NA,NA,NA,NA,NA,NA,NA,NA
"628",2021-10-16,NA,NA,NA,NA,NA,NA,NA,NA,NA
"629",2021-10-17,NA,NA,NA,NA,NA,NA,NA,NA,NA
"630",2021-10-18,NA,NA,NA,NA,NA,NA,NA,NA,NA
"631",2021-10-19,NA,NA,NA,NA,NA,NA,NA,NA,NA
"632",2021-10-20,NA,NA,NA,NA,NA,NA,NA,NA,NA
"633",2021-10-21,NA,NA,NA,NA,NA,NA,NA,NA,NA
"634",2021-10-22,NA,NA,NA,NA,NA,NA,NA,NA,NA
"635",2021-10-23,NA,NA,NA,NA,NA,NA,NA,NA,NA
"636",2021-10-24,NA,NA,NA,NA,NA,NA,NA,NA,NA
"637",2021-10-25,NA,NA,NA,NA,NA,NA,NA,NA,NA
"638",2021-10-26,NA,NA,NA,NA,NA,NA,NA,NA,NA
"639",2021-10-27,NA,NA,NA,NA,NA,NA,NA,NA,NA
"640",2021-10-28,NA,NA,NA,NA,NA,NA,NA,NA,NA
"641",2021-10-29,NA,NA,NA,NA,NA,NA,NA,NA,NA
"642",2021-10-30,NA,NA,NA,NA,NA,NA,NA,NA,NA
"643",2021-10-31,NA,NA,NA,NA,NA,NA,NA,NA,NA
"644",2021-11-01,NA,NA,NA,NA,NA,NA,NA,NA,NA
"645",2021-11-02,NA,NA,NA,NA,NA,NA,NA,NA,NA
"646",2021-11-03,NA,NA,NA,NA,NA,NA,NA,NA,NA
"647",2021-11-04,NA,NA,NA,NA,NA,NA,NA,NA,NA
"648",2021-11-05,NA,NA,NA,NA,NA,NA,NA,NA,NA
"649",2021-11-06,NA,NA,NA,NA,NA,NA,NA,NA,NA
"650",2021-11-07,NA,NA,NA,NA,NA,NA,NA,NA,NA
"651",2021-11-08,NA,NA,NA,NA,NA,NA,NA,NA,NA
"652",2021-11-09,NA,NA,NA,NA,NA,NA,NA,NA,NA
"653",2021-11-10,NA,NA,NA,NA,NA,NA,NA,NA,NA
"654",2021-11-11,NA,NA,NA,NA,NA,NA,NA,NA,NA
"655",2021-11-12,NA,NA,NA,NA,NA,NA,NA,NA,NA
"656",2021-11-13,NA,NA,NA,NA,NA,NA,NA,NA,NA
"657",2021-11-14,NA,NA,NA,NA,NA,NA,NA,NA,NA
"658",2021-11-15,NA,NA,NA,NA,NA,NA,NA,NA,NA
"659",2021-11-16,NA,NA,NA,NA,NA,NA,NA,NA,NA
"660",2021-11-17,NA,NA,NA,NA,NA,NA,NA,NA,NA
"661",2021-11-18,NA,NA,NA,NA,NA,NA,NA,NA,NA
"662",2021-11-19,NA,NA,NA,NA,NA,NA,NA,NA,NA
"663",2021-11-20,NA,NA,NA,NA,NA,NA,NA,NA,NA
"664",2021-11-21,NA,NA,NA,NA,NA,NA,NA,NA,NA
"665",2021-11-22,NA,NA,NA,NA,NA,NA,NA,NA,NA
"666",2021-11-23,NA,NA,NA,NA,NA,NA,NA,NA,NA
"667",2021-11-24,NA,NA,NA,NA,NA,NA,NA,NA,NA
"668",2021-11-25,NA,NA,NA,NA,NA,NA,NA,NA,NA
"669",2021-11-26,NA,NA,NA,NA,NA,NA,NA,NA,NA
"670",2021-11-27,NA,NA,NA,NA,NA,NA,NA,NA,NA
"671",2021-11-28,NA,NA,NA,NA,NA,NA,NA,NA,NA
"672",2021-11-29,NA,NA,NA,NA,NA,NA,NA,NA,NA
"673",2021-11-30,NA,NA,NA,NA,NA,NA,NA,NA,NA
"674",2021-12-01,NA,NA,NA,NA,NA,NA,NA,NA,NA
"675",2021-12-02,NA,NA,NA,NA,NA,NA,NA,NA,NA
"676",2021-12-03,NA,NA,NA,NA,NA,NA,NA,NA,NA
"677",2021-12-04,NA,NA,NA,NA,NA,NA,NA,NA,NA
"678",2021-12-05,NA,NA,NA,NA,NA,NA,NA,NA,NA
"679",2021-12-06,NA,NA,NA,NA,NA,NA,NA,NA,NA
"680",2021-12-07,NA,NA,NA,NA,NA,NA,NA,NA,NA
"681",2021-12-08,NA,NA,NA,NA,NA,NA,NA,NA,NA
"682",2021-12-09,NA,NA,NA,NA,NA,NA,NA,NA,NA
"683",2021-12-10,NA,NA,NA,NA,NA,NA,NA,NA,NA
"684",2021-12-11,NA,NA,NA,NA,NA,NA,NA,NA,NA
"685",2021-12-12,NA,NA,NA,NA,NA,NA,NA,NA,NA
"686",2021-12-13,NA,NA,NA,NA,NA,NA,NA,NA,NA
"687",2021-12-14,NA,NA,NA,NA,NA,NA,NA,NA,NA
"688",2021-12-15,NA,NA,NA,NA,NA,NA,NA,NA,NA
"689",2021-12-16,NA,NA,NA,NA,NA,NA,NA,NA,NA
"690",2021-12-17,"Omicron",0.8,1.62312236903877,1.50070827728049,1.74553646079706,0.00305400381684786,0.00274000204743537,0.00336800558626036,2021-12-03
"691",2021-12-18,"Omicron",0.8,1.65562618688919,1.5153902346192,1.79586213915918,0.0030379773855999,0.0027007790171685,0.0033751757540313,2021-12-03
"692",2021-12-19,"Omicron",0.8,1.65562618688919,1.5153902346192,1.79586213915918,0.0030379773855999,0.0027007790171685,0.0033751757540313,2021-12-03
"693",2021-12-20,"Omicron",0.8,1.754466964238,1.64320928815915,1.86572464031685,0.00391987193991309,0.00362737041163384,0.00421237346819234,2021-12-03
"694",2021-12-21,"Omicron",0.8,1.7101010944598,1.61101565719398,1.80918653172562,0.00345712842533615,0.00321299484021233,0.00370126201045996,2021-12-03
"695",2021-12-22,"Omicron",0.8,1.7303082319061,1.63236564915294,1.82825081465925,0.00371632606473577,0.00346512394741124,0.0039675281820603,2021-12-03
"696",2021-12-23,"Omicron",0.8,1.73756677229365,1.6442892875298,1.8308442570575,0.00411914971347953,0.00385750856054246,0.00438079086641661,2021-12-03
"697",2021-12-24,"Omicron",0.8,1.72633056856288,1.63585974029473,1.81680139683103,0.00408294722500687,0.00382586292410049,0.00434003152591324,2021-12-03
"698",2021-12-25,"Omicron",0.8,1.72633056856288,1.63585974029473,1.81680139683103,0.00408294722500687,0.00382586292410049,0.00434003152591324,2021-12-03
"699",2021-12-26,"Omicron",0.8,1.72633056856288,1.63585974029473,1.81680139683103,0.00408294722500687,0.00382586292410049,0.00434003152591324,2021-12-03
"700",2021-12-27,"Omicron",0.8,1.78250763912394,1.68046006800085,1.88455521024703,0.00405523542157127,0.0037905201084357,0.00431995073470683,2021-12-03
"701",2021-12-28,"Omicron",0.8,1.87141510190424,1.75609418828399,1.98673601552449,0.0042662824942449,0.00398563229265175,0.00454693269583805,2021-12-03
"702",2021-12-29,"Omicron",0.8,1.95887852879818,1.83479274986237,2.08296430773398,0.004166970525784,0.00389884588620206,0.00443509516536594,2021-12-03
"703",2021-12-30,"Omicron",0.8,1.95887852879818,1.83479274986237,2.08296430773398,0.004166970525784,0.00389884588620206,0.00443509516536594,2021-12-03
"704",2021-12-31,"Omicron",0.8,1.76919649753517,1.705549370034,1.83284362503633,0.00697231452907291,0.00641703648612888,0.00752759257201694,2021-12-03
"705",2022-01-01,"Omicron",0.8,1.76919649753517,1.705549370034,1.83284362503633,0.00697231452907291,0.00641703648612888,0.00752759257201694,2021-12-03
"706",2022-01-02,"Omicron",0.8,1.76919649753517,1.705549370034,1.83284362503633,0.00697231452907291,0.00641703648612888,0.00752759257201694,2021-12-03
"707",2022-01-03,"Omicron",0.8,1.86519989209051,1.81092524044057,1.91947454374045,0.00676264129726883,0.00631371558978478,0.00721156700475289,2021-12-03
"708",2022-01-04,"Omicron",0.8,1.87741208691019,1.81007395182802,1.94475022199236,0.00670293207319938,0.00615284975598234,0.00725301439041642,2021-12-03
"709",2022-01-05,"Omicron",0.8,1.82314511627504,1.75289781189149,1.89339242065858,0.00680120912708169,0.00620185709186054,0.00740056116230285,2021-12-03
"710",2022-01-06,"Omicron",0.8,1.69123675049187,1.64053857501615,1.74193492596759,0.00769524688592219,0.00704938770849608,0.00834110606334829,2021-12-03
"711",2022-01-07,"Omicron",0.8,1.70620656799669,1.66276623711311,1.74964689888026,0.00775215460173511,0.00718908634787926,0.00831522285559095,2021-12-03
"712",2022-01-08,"Omicron",0.8,1.69993097960833,1.65861394347873,1.74124801573793,0.00762845635320203,0.0071002200662135,0.00815669264019055,2021-12-03
"713",2022-01-09,"Omicron",0.8,1.69993097960833,1.65861394347873,1.74124801573793,0.00762845635320203,0.0071002200662135,0.00815669264019055,2021-12-03
"714",2022-01-10,"Omicron",0.8,1.69993097960833,1.65861394347873,1.74124801573793,0.00762845635320203,0.0071002200662135,0.00815669264019055,2021-12-03
"715",2022-01-11,"Omicron",0.8,1.69933791688464,1.66288043290625,1.73579540086304,0.00772370295376312,0.00724968898336557,0.00819771692416067,2021-12-03
"716",2022-01-12,"Omicron",0.8,1.69369840973464,1.65723691419329,1.73015990527599,0.00769383830439356,0.00722026758150449,0.00816740902728263,2021-12-03
"717",2022-01-13,"Omicron",0.8,1.63919717237864,1.58736742512997,1.6910269196273,0.0108201728944745,0.00938484816255073,0.0122554976263983,2021-12-03
"718",2022-01-14,"Omicron",0.8,1.62407704645831,1.57318988346836,1.67496420944827,0.0114284894927153,0.009929846094893,0.0129271328905377,2021-12-03
"719",2022-01-15,"Omicron",0.8,1.63918384778447,1.58571119679702,1.69265649877193,0.010919530617191,0.00941905531087837,0.0124200059235037,2021-12-03
"720",2022-01-16,"Omicron",0.8,1.63918384778447,1.58571119679702,1.69265649877193,0.010919530617191,0.00941905531087837,0.0124200059235037,2021-12-03
"721",2022-01-17,"Omicron",0.8,1.63918384778447,1.58571119679702,1.69265649877193,0.010919530617191,0.00941905531087837,0.0124200059235037,2021-12-03
"722",2022-01-18,"Omicron",0.8,1.63918384778447,1.58571119679702,1.69265649877193,0.010919530617191,0.00941905531087837,0.0124200059235037,2021-12-03
"723",2022-01-19,"Omicron",0.8,1.60268676878745,1.55247384376077,1.65289969381412,0.0117113295894601,0.0101878482769379,0.0132348109019824,2021-12-03
"724",2022-01-20,"Omicron",0.8,1.58762139352646,1.54125052787382,1.6339922591791,0.0124381893071714,0.0109398157339463,0.0139365628803965,2021-12-03
"725",2022-01-21,"Omicron",0.8,1.60328773554462,1.56634515567164,1.6402303154176,0.0114335249577222,0.0103318136756475,0.0125352362397969,2021-12-03
"726",2022-01-22,"Omicron",0.8,1.60268092573033,1.56594502671221,1.63941682474846,0.0113699551873298,0.0102787216842098,0.0124611886904498,2021-12-03
"727",2022-01-23,"Omicron",0.8,1.60268092573033,1.56594502671221,1.63941682474846,0.0113699551873298,0.0102787216842098,0.0124611886904498,2021-12-03
"728",2022-01-24,"Omicron",0.8,1.60248672366835,1.56589740098477,1.63907604635192,0.0113760637222282,0.0102874908097633,0.0124646366346931,2021-12-03
"729",2022-01-25,"Omicron",0.8,1.5120991706191,1.4683380382722,1.55586030296599,0.0142520027743759,0.0122833195168047,0.0162206860319471,2021-12-03
"730",2022-01-26,"Omicron",0.8,1.47631519550948,1.4405373392188,1.51209305180016,0.0163470602396475,0.0143148671856219,0.0183792532936731,2021-12-03
"731",2022-01-27,"Omicron",0.8,1.48427571224468,1.44699774780223,1.52155367668712,0.0157948774012327,0.0137503077865698,0.0178394470158955,2021-12-03
"732",2022-01-28,"Omicron",0.8,1.36903331193027,1.33413280597738,1.40393381788316,0.0215371294341655,0.0182281762118056,0.0248460826565255,2021-12-03
"733",2022-01-29,"Omicron",0.8,1.36903331193027,1.33413280597738,1.40393381788316,0.0215371294341655,0.0182281762118056,0.0248460826565255,2021-12-03
"734",2022-01-30,"Omicron",0.8,1.36903331193027,1.33413280597738,1.40393381788316,0.0215371294341655,0.0182281762118056,0.0248460826565255,2021-12-03
"735",2022-01-31,"Omicron",0.8,1.37265352500774,1.33848465400042,1.40682239601506,0.0213892487417563,0.0181713132722235,0.0246071842112891,2021-12-03
"736",2022-02-01,"Omicron",0.8,1.38469144548967,1.3539223275147,1.41546056346465,0.0204466440271383,0.017676946398549,0.0232163416557275,2021-12-03
"737",2022-02-02,"Omicron",0.8,1.38302748100926,1.350688354493,1.41536660752551,0.0207813512577181,0.0178255070382629,0.0237371954771734,2021-12-03
"738",2022-02-03,"Omicron",0.8,1.31487367490565,1.28632185824412,1.34342549156718,0.0248946287939758,0.0212304627609386,0.0285587948270131,2021-12-03
"739",2022-02-04,"Omicron",0.8,1.31248580320702,1.28280385851108,1.34216774790296,0.02552301383084,0.0216200950526349,0.0294259326090452,2021-12-03
"740",2022-02-05,"Omicron",0.8,1.3168735310739,1.28783957384921,1.34590748829859,0.0252424271567307,0.0214704618106261,0.0290143925028353,2021-12-03
"741",2022-02-06,"Omicron",0.8,1.3168735310739,1.28783957384921,1.34590748829859,0.0252424271567307,0.0214704618106261,0.0290143925028353,2021-12-03
"742",2022-02-07,"Omicron",0.8,1.3168735310739,1.28783957384921,1.34590748829859,0.0252424271567307,0.0214704618106261,0.0290143925028353,2021-12-03
"743",2022-02-08,"Omicron",0.8,1.31366044483032,1.28419019846343,1.3431306911972,0.0253626865127959,0.0215097104952739,0.0292156625303178,2021-12-03
"744",2022-02-09,"Omicron",0.8,1.31039830094261,1.28138564354597,1.33941095833924,0.0257880042051722,0.0219285312373132,0.0296474771730312,2021-12-03
"745",2022-02-10,"Omicron",0.8,1.25576494196379,1.22922446316861,1.28230542075898,0.0309076966641475,0.0260338802571558,0.0357815130711393,2021-12-03
"746",2022-02-11,"Omicron",0.8,1.25533059729716,1.22895324737357,1.28170794722075,0.0309582114416752,0.0261009339849798,0.0358154888983707,2021-12-03
"747",2022-02-12,"Omicron",0.8,1.25533059729716,1.22895324737357,1.28170794722075,0.0309582114416752,0.0261009339849798,0.0358154888983707,2021-12-03
"748",2022-02-13,"Omicron",0.8,1.25533059729716,1.22895324737357,1.28170794722075,0.0309582114416752,0.0261009339849798,0.0358154888983707,2021-12-03
"749",2022-02-14,"Omicron",0.8,1.25999665256581,1.23425344473386,1.28573986039777,0.0306544068324485,0.0259636451487233,0.0353451685161737,2021-12-03
"750",2022-02-15,"Omicron",0.8,1.25910165057787,1.23344091125731,1.28476238989842,0.0307401552958145,0.0260361388432227,0.0354441717484062,2021-12-03
"751",2022-02-16,"Omicron",0.8,1.25616840521612,1.23003326164001,1.28230354879224,0.0310937500052821,0.0262397296297203,0.035947770380844,2021-12-03
"752",2022-02-17,"Omicron",0.8,1.20068688331403,1.17841473911888,1.22295902750919,0.0376881485491093,0.0315869957370393,0.0437893013611793,2021-12-03
"753",2022-02-18,"Omicron",0.8,1.20068688331403,1.17841473911888,1.22295902750919,0.0376881485491093,0.0315869957370393,0.0437893013611793,2021-12-03
"754",2022-02-19,"Omicron",0.8,1.20068688331403,1.17841473911888,1.22295902750919,0.0376881485491093,0.0315869957370393,0.0437893013611793,2021-12-03
"755",2022-02-20,"Omicron",0.8,1.20068688331403,1.17841473911888,1.22295902750919,0.0376881485491093,0.0315869957370393,0.0437893013611793,2021-12-03
"756",2022-02-21,"Omicron",0.8,1.20068688331403,1.17841473911888,1.22295902750919,0.0376881485491093,0.0315869957370393,0.0437893013611793,2021-12-03
"757",2022-02-22,"Omicron",0.8,1.20050382960401,1.17831522753883,1.2226924316692,0.0377298665304792,0.0316318091382631,0.0438279239226953,2021-12-03
"758",2022-02-23,"Omicron",0.8,1.19814356953307,1.17575917371645,1.2205279653497,0.03800747662186,0.0318015227612054,0.0442134304825147,2021-12-03
"759",2022-02-24,"Omicron",0.8,1.16224350181195,1.14235943597401,1.18212756764988,0.0440889980622707,0.0367532773492106,0.0514247187753308,2021-12-03
"760",2022-02-25,"Omicron",0.8,1.16237441895526,1.14243818033623,1.18231065757429,0.0441716954851322,0.0368073888925359,0.0515360020777285,2021-12-03
"761",2022-02-26,"Omicron",0.8,1.16237441895526,1.14243818033623,1.18231065757429,0.0441716954851322,0.0368073888925359,0.0515360020777285,2021-12-03
"762",2022-02-27,"Omicron",0.8,1.16237441895526,1.14243818033623,1.18231065757429,0.0441716954851322,0.0368073888925359,0.0515360020777285,2021-12-03
"763",2022-02-28,"Omicron",0.8,1.16237441895526,1.14243818033623,1.18231065757429,0.0441716954851322,0.0368073888925359,0.0515360020777285,2021-12-03
"764",2022-03-01,"Omicron",0.8,1.1618157004402,1.14195081831682,1.18168058256358,0.0442157883381281,0.0368505414796409,0.0515810351966153,2021-12-03
"765",2022-03-02,"Omicron",0.8,1.16186059614564,1.14197830991592,1.18174288237537,0.0442479220057835,0.0368715828291137,0.0516242611824533,2021-12-03
"766",2022-03-03,"Omicron",0.8,1.16186059614564,1.14197830991592,1.18174288237537,0.0442479220057835,0.0368715828291137,0.0516242611824533,2021-12-03
"767",2022-03-04,"Omicron",0.8,1.16186059614564,1.14197830991592,1.18174288237537,0.0442479220057835,0.0368715828291137,0.0516242611824533,2021-12-03
"768",2022-03-05,"Omicron",0.8,1.16173386288836,1.14184706420285,1.18162066157387,0.0442941823400876,0.0369048631420552,0.05168350153812,2021-12-03
"769",2022-03-06,"Omicron",0.8,1.16173386288836,1.14184706420285,1.18162066157387,0.0442941823400876,0.0369048631420552,0.05168350153812,2021-12-03
"770",2022-03-07,"Omicron",0.8,1.14744030949051,1.12926494036782,1.16561567861319,0.0470962721552961,0.0393878573663622,0.05480468694423,2021-12-03
"771",2022-03-08,"Omicron",0.8,1.14636233819509,1.12832097489424,1.16440370149594,0.0472171575251188,0.0395337497740687,0.0549005652761689,2021-12-03
"772",2022-03-09,"Omicron",0.8,1.14514203584986,1.12692260090184,1.16336147079788,0.0474591614918916,0.0396556460886433,0.0552626768951398,2021-12-03
"773",2022-03-10,NA,NA,NA,NA,NA,NA,NA,NA,NA
"774",2022-03-11,NA,NA,NA,NA,NA,NA,NA,NA,NA
"775",2022-03-12,NA,NA,NA,NA,NA,NA,NA,NA,NA
"776",2022-03-13,NA,NA,NA,NA,NA,NA,NA,NA,NA
"777",2022-03-14,NA,NA,NA,NA,NA,NA,NA,NA,NA
